都道府県名,市町村名,,"告示別表第10
で定める
地域の区分","年間の
日射
地域区分","暖房期の
日射
地域区分"
01.北海道,ｱ,愛別町,1,3,2
,,赤井川村,2,3,2
,,赤平市,2,3,2
,,旭川市,2,3,2
,,芦別市,2,3,2
,,足寄町,1,3,4
,,厚岸町,2,3,3
,,厚沢部町,3,2,2
,,厚真町,2,3,3
,,網走市,2,3,3
,,安平町,2,3,3
,ｲ,池田町,2,4,4
,,石狩市,2,3,3
,,今金町,2,2,2
,,岩内町,2,2,2
,,岩見沢市,2,3,3
,ｳ,歌志内市,2,3,2
,,浦臼町,2,2,2
,,浦河町,2,3,3
,,浦幌町,2,3,4
,,雨竜町,2,3,2
,ｴ,江差町,3,2,2
,,枝幸町（旧枝幸町）,2,2,2
,,枝幸町（旧歌登町）,1,2,2
,,恵庭市,2,3,3
,,江別市,2,3,3
,,えりも町,2,3,3
,,遠軽町,1,3,3
,,遠別町,2,2,2
,ｵ,雄武町,1,3,3
,,大空町,2,3,3
,,奥尻町,3,3,2
,,置戸町,1,3,3
,,興部町,1,3,3
,,長万部町,2,2,2
,,小樽市,2,3,2
,,音威子府村,1,2,2
,,音更町,2,3,4
,,乙部町,3,2,2
,,帯広市,2,3,4
,,小平町,2,3,2
,ｶ,上川町,1,3,2
,,上士幌町,1,3,4
,,上砂川町,2,3,2
,,上ノ国町,3,2,2
,,上富良野町,2,3,2
,,神恵内村,2,2,2
,ｷ,木古内町,2,3,3
,,北広島市,2,3,3
,,北見市,2,3,3
,,喜茂別町,1,3,2
,,京極町,2,3,2
,,共和町,2,3,2
,,清里町,2,3,3
,ｸ,釧路市,2,3,4
,,釧路町,2,3,4
,,倶知安町,2,2,2
,,栗山町,2,3,3
,,黒松内町,2,2,2
,,訓子府町,1,3,3
,ｹ,剣淵町,2,2,2
,ｺ,小清水町,2,3,3
,ｻ,札幌市,2,3,3
,,様似町,2,3,3
,,更別村,1,3,4
,,猿払村,1,2,2
,,佐呂間町,1,3,3
,ｼ,鹿追町,2,3,4
,,鹿部町,2,3,3
,,標茶町,1,3,3
,,士別市,1,3,2
,,標津町,2,3,3
,,士幌町,2,3,4
,,島牧村,2,2,2
,,清水町,2,3,3
,,占冠村,1,2,2
,,下川町,1,3,2
,,積丹町,2,2,2
,,斜里町,2,3,3
,,初山別村,2,3,2
,,白老町,2,3,3
,,白糠町,2,3,4
,,知内町,3,3,2
,,新篠津村,2,3,2
,,新得町,2,3,3
,,新十津川町,2,3,2
,,新ひだか町,2,3,3
,ｽ,寿都町,2,2,2
,,砂川市,2,3,2
,ｾ,せたな町,2,2,2
,ｿ,壮瞥町,2,2,2
,ﾀ,大樹町,1,3,4
,,鷹栖町,2,2,2
,,滝川市,2,3,2
,,滝上町,1,2,2
,,伊達市（旧伊達市）,2,3,3
,,伊達市（旧大滝村）,1,3,3
,ﾁ,秩父別町,2,3,2
,,千歳市,2,3,3
,ﾂ,月形町,2,3,2
,,津別町,1,3,3
,,鶴居村,1,3,3
,ﾃ,天塩町,2,2,2
,,弟子屈町,1,3,3
,ﾄ,当別町,2,3,3
,,当麻町,2,3,2
,,洞爺湖町,2,2,2
,,苫小牧市,2,3,3
,,苫前町,2,3,2
,,泊村,2,2,2
,,豊浦町,2,2,2
,,豊頃町,1,3,4
,,豊富町,2,2,2
,ﾅ,奈井江町,2,3,2
,,中川町,1,2,2
,,中札内村,1,3,4
,,中標津町,1,3,3
,,中頓別町,1,2,2
,,長沼町,2,3,3
,,中富良野町,2,3,2
,,七飯町,2,3,3
,,名寄市,1,2,2
,,南幌町,2,3,3
,ﾆ,新冠町,2,3,3
,,仁木町,2,3,2
,,西興部村,1,2,2
,,ニセコ町,2,2,2
,ﾇ,沼田町,2,2,2
,ﾈ,根室市,2,3,3
,ﾉ,登別市,2,3,3
,ﾊ,函館市,3,3,3
,,羽幌町,2,3,2
,,浜頓別町,1,2,2
,,浜中町,2,3,3
,ﾋ,美瑛町,1,3,2
,,東神楽町,2,3,2
,,東川町,2,3,2
,,日高町,2,3,3
,,比布町,2,3,2
,,美唄市,2,3,2
,,美深町,1,2,2
,,美幌町,2,3,3
,,平取町,2,3,3
,,広尾町,2,3,4
,ﾌ,深川市,2,3,2
,,福島町,3,2,2
,,富良野市,2,3,2
,,古平町,2,2,2
,ﾍ,別海町,1,3,3
,ﾎ,北斗市,2,3,3
,,北竜町,2,3,2
,,幌加内町,1,2,2
,,幌延町,2,2,2
,,本別町,2,3,4
,ﾏ,幕別町（旧忠類村）,1,3,4
,,幕別町（旧幕別町）,2,3,4
,,増毛町,2,3,2
,,真狩村,2,2,2
,,松前町,3,2,2
,ﾐ,三笠市,2,3,2
,,南富良野町,1,3,3
,ﾑ,むかわ町,2,3,3
,,室蘭市,3,3,3
,ﾒ,芽室町,2,3,4
,ﾓ,妹背牛町,2,3,2
,,森町,2,3,3
,,紋別市,2,3,3
,ﾔ,八雲町（旧八雲町）,2,2,2
,,八雲町（旧熊石町）,3,2,2
,ﾕ,夕張市,1,3,3
,,湧別町,2,3,3
,,由仁町,2,3,3
,ﾖ,余市町,2,3,2
,ﾗ,羅臼町,2,2,2
,,蘭越町,2,2,2
,ﾘ,陸別町,1,3,3
,,利尻町,2,2,2
,,利尻富士町,2,2,2
,ﾙ,留寿都村,1,3,2
,,留萌市,2,3,2
,ﾚ,礼文町,2,2,2
,ﾜ,稚内市,2,2,2
,,和寒町,2,2,2
02.青森県,ｱ,青森市,3,3,2
,,鰺ヶ沢町,4,3,2
,ｲ,板柳町,3,3,2
,,田舎館村,3,3,2
,,今別町,3,2,2
,ｵ,おいらせ町（旧百石町）,3,3,2
,,おいらせ町（旧下田町）,3,3,3
,,大間町,3,3,2
,,大鰐町,3,2,2
,ｶ,風間浦村,3,3,3
,ｸ,黒石市,3,3,2
,ｺ,五所川原市,3,3,2
,,五戸町,3,3,3
,ｻ,佐井村,3,3,2
,,三戸町,3,3,3
,ｼ,七戸町,3,3,3
,,新郷村,3,3,3
,ｿ,外ヶ浜町,3,3,2
,ﾀ,田子町,3,3,2
,ﾂ,つがる市,3,3,2
,,鶴田町,3,3,2
,ﾄ,東北町,3,3,3
,,十和田市（旧十和田市）,3,3,3
,,十和田市（旧十和田湖町）,3,2,3
,ﾅ,中泊町,3,3,2
,,南部町,3,3,3
,ﾆ,西目屋村,3,3,2
,ﾉ,野辺地町,3,3,3
,ﾊ,階上町,3,3,3
,,八戸市,3,3,3
,ﾋ,東通村,3,3,3
,,平川市（旧尾上町、旧平賀町）,3,3,2
,,平川市（旧碇ケ関村）,2,2,2
,,平内町,3,3,3
,,弘前市,3,3,2
,ﾌ,深浦町,4,3,2
,,藤崎町,3,3,2
,ﾐ,三沢市,3,3,3
,ﾑ,むつ市,3,3,2
,ﾖ,横浜町,3,3,3
,,蓬田村,3,3,2
,ﾛ,六戸町,3,3,3
,,六ヶ所村,3,3,3
03.岩手県,ｲ,一関市（旧一関市、旧花泉町、旧川崎村）,4,3,3
,,一関市（旧大東町、旧藤沢町、旧千厩町、旧東山町、旧室根村）,3,3,3
,,一戸町,3,3,3
,,岩泉町,3,3,3
,,岩手町,2,3,3
,ｵ,奥州市,4,3,3
,,大槌町,4,3,3
,,大船渡市,4,3,3
,ｶ,金ケ崎町,4,3,3
,,釜石市,4,3,2
,,軽米町,3,3,3
,ｷ,北上市,4,3,2
,ｸ,久慈市,3,3,3
,,葛巻町,2,3,3
,,九戸村,2,3,3
,ｼ,雫石町,3,3,3
,,紫波町,3,3,3
,ｽ,住田町,3,3,3
,ﾀ,滝沢市,3,3,3
,,田野畑村,3,3,4
,ﾄ,遠野市,3,3,3
,ﾆ,西和賀町,2,3,2
,,二戸市,3,3,3
,ﾉ,野田村,3,3,3
,ﾊ,八幡平市（旧西根町、旧松尾村）,3,3,3
,,八幡平市（旧安代町）,2,3,3
,,花巻市,3,3,3
,ﾋ,平泉町,4,3,3
,,洋野町,3,3,3
,ﾌ,普代村,3,3,3
,ﾐ,宮古市（旧宮古市、旧田老町）,4,3,3
,,宮古市（旧新里村、旧川井村）,4,3,4
,ﾓ,盛岡市,3,3,3
,ﾔ,矢巾町,3,3,3
,,山田町,4,3,4
,ﾘ,陸前高田市,4,3,3
04.宮城県,ｲ,石巻市（旧石巻市）,4,4,3
,,石巻市（旧河北町、旧雄勝町、旧河南町、旧桃生町、旧北上町）,4,4,4
,,石巻市（旧牡鹿町）,4,4,2
,,岩沼市,4,3,3
,ｵ,大河原町,4,3,3
,,大崎市（旧古川市、旧松山町、旧三本木町、旧鹿島台町、旧岩出山町、旧田尻町）,4,3,3
,,大崎市（旧鳴子町）,4,3,2
,,大郷町,4,3,3
,,大衡村,4,3,3
,,女川町,4,3,4
,ｶ,角田市,4,3,3
,,加美町,4,3,3
,,川崎町,4,3,3
,ｸ,栗原市,4,3,3
,ｹ,気仙沼市（旧気仙沼市、旧本吉町）,4,3,3
,,気仙沼市（旧唐桑町）,4,3,4
,ｻ,蔵王町,4,3,3
,ｼ,塩竈市,4,3,2
,,色麻町,4,3,3
,,七ヶ宿町,3,3,3
,,七ヶ浜町,4,3,2
,,柴田町,4,3,3
,,白石市,4,3,3
,ｾ,仙台市,5,3,3
,ﾀ,大和町,4,3,3
,,多賀城市,5,3,3
,ﾄ,富谷市,4,3,3
,,登米市（旧迫町、旧東和町、旧中田町、旧米山町、旧石越町、旧南方町）,4,3,3
,,登米市（旧登米町、旧豊里町、旧津山町）,4,3,4
,ﾅ,名取市,4,3,3
,ﾋ,東松島市（旧矢本町）,4,3,3
,,東松島市（旧鳴瀬町）,4,3,2
,ﾏ,松島町,4,3,4
,,丸森町,4,3,3
,ﾐ,美里町,4,3,3
,,南三陸町,4,3,4
,ﾑ,村田町,4,3,3
,ﾔ,山元町,5,3,3
,ﾘ,利府町,4,3,3
,ﾜ,涌谷町,4,3,3
,,亘理町,4,3,3
05.秋田県,ｱ,秋田市,4,3,2
,ｲ,井川町,4,2,2
,ｳ,羽後町,3,3,2
,ｵ,大潟村,4,3,2
,,大館市,3,3,2
,,男鹿市,4,3,2
,ｶ,潟上市,4,3,2
,,鹿角市,3,3,2
,,上小阿仁村,3,3,2
,ｷ,北秋田市（旧鷹巣町、旧森吉町、旧合川町）,3,3,2
,,北秋田市（旧阿仁町）,3,2,2
,ｺ,小坂町,2,3,2
,,五城目町,4,2,2
,ｾ,仙北市,3,2,2
,ﾀ,大仙市,3,3,2
,ﾆ,にかほ市,5,3,1
,ﾉ,能代市（旧能代市）,4,3,2
,,能代市（旧二ツ井町）,3,3,2
,ﾊ,八郎潟町,4,2,2
,,八峰町,4,2,2
,ﾋ,東成瀬村,3,3,2
,ﾌ,藤里町,3,2,2
,ﾐ,美郷町,3,2,2
,,三種町,4,3,2
,ﾕ,湯沢市,3,3,2
,,由利本荘市,4,3,2
,ﾖ,横手市,3,3,2
06.山形県,ｱ,朝日町,3,3,3
,ｲ,飯豊町,3,3,2
,ｵ,大石田町,3,3,2
,,大江町,3,3,3
,,大蔵村,4,2,2
,,小国町,3,2,2
,,尾花沢市,3,3,2
,ｶ,金山町,3,2,2
,,河北町,4,3,3
,,上山市,4,3,3
,,川西町,3,3,2
,ｻ,寒河江市,4,3,3
,,酒田市（旧酒田市）,5,3,1
,,酒田市（旧八幡町、旧松山町）,4,2,2
,,酒田市（旧平田町）,4,3,2
,,鮭川村,3,2,2
,ｼ,庄内町（旧立川町）,4,2,2
,,庄内町（旧余目町）,4,3,2
,,白鷹町,4,3,2
,,新庄市,3,2,2
,ﾀ,高畠町,3,3,3
,ﾂ,鶴岡市,4,3,2
,ﾃ,天童市,4,3,2
,ﾄ,戸沢村,3,2,2
,ﾅ,長井市,3,3,2
,,中山町,4,3,3
,,南陽市,3,3,3
,ﾆ,西川町,3,3,2
,ﾋ,東根市,4,3,2
,ﾌ,舟形町,3,2,2
,ﾏ,真室川町,3,2,2
,ﾐ,三川町,4,3,2
,ﾑ,村山市,4,3,2
,ﾓ,最上町,3,2,2
,ﾔ,山形市,4,3,3
,,山辺町,4,3,3
,ﾕ,遊佐町,4,2,2
,ﾖ,米沢市,4,3,3
07.福島県,ｱ,会津坂下町,4,3,2
,,会津美里町（旧会津高田町、旧新鶴村）,4,3,2
,,会津美里町（旧会津本郷町）,4,3,3
,,会津若松市（旧会津若松市、旧河東町）,4,3,3
,,会津若松市（旧北会津村）,4,3,2
,,浅川町,4,3,4
,ｲ,飯舘村,3,4,4
,,石川町,4,4,4
,,泉崎村,4,3,4
,,猪苗代町,3,3,3
,,いわき市,5,4,4
,ｵ,大熊町,5,4,4
,,大玉村,4,3,4
,,小野町,3,4,4
,ｶ,鏡石町,4,3,4
,,葛尾村,3,4,4
,,金山町,3,3,3
,,川内村,3,4,4
,,川俣町,4,3,3
,ｷ,喜多方市（旧喜多方市、旧熱塩加納村、旧山都町、旧高郷村）,4,3,3
,,喜多方市（旧塩川町）,4,3,2
,,北塩原村,3,3,3
,ｸ,国見町,4,3,3
,ｺ,桑折町,4,3,3
,,郡山市,5,3,3
,ｻ,鮫川村,3,4,4
,ｼ,下郷町,3,3,3
,,昭和村,3,3,3
,,白河市,4,3,4
,,新地町,5,3,4
,ｽ,須賀川市,4,3,4
,ｿ,相馬市,5,3,4
,ﾀ,只見町,3,3,2
,,伊達市,4,3,3
,,棚倉町,4,3,4
,,玉川村,4,4,4
,,田村市,4,4,4
,ﾃ,天栄村,4,3,4
,ﾄ,富岡町,5,4,4
,ﾅ,中島村,4,4,4
,,浪江町,5,4,4
,,楢葉町,5,4,4
,ﾆ,西会津町,4,3,2
,,西郷村,4,3,3
,,二本松市（旧二本松市、旧安達町）,4,3,3
,,二本松市（旧岩代町）,4,3,4
,,二本松市（旧東和町）,3,4,3
,ﾊ,塙町,4,3,3
,,磐梯町,3,3,3
,ﾋ,檜枝岐村,2,3,4
,,平田村,3,4,4
,,広野町,5,4,4
,ﾌ,福島市（旧福島市）,5,3,2
,,福島市（旧飯野町）,5,3,3
,,双葉町,5,4,4
,,古殿町,4,4,4
,ﾐ,三島町,3,3,3
,,南会津町（旧田島町）,3,3,3
,,南会津町（旧舘岩村）,2,3,4
,,南会津町（旧伊南村、旧南郷村）,2,3,3
,,南相馬市（旧原町市、旧鹿島町）,5,4,4
,,南相馬市（旧小高町）,5,4,3
,,三春町,4,4,4
,ﾓ,本宮市,4,3,3
,ﾔ,柳津町,3,3,2
,,矢吹町,4,3,4
,,矢祭町,4,3,3
,ﾕ,湯川村,4,3,2
08.茨城県,ｱ,阿見町,5,3,3
,ｲ,石岡市,5,3,3
,,潮来市,6,4,4
,,稲敷市,5,3,3
,,茨城町,5,3,4
,ｳ,牛久市,5,3,3
,ｵ,大洗町,5,4,2
,,小美玉市（旧小川町、旧美野里町）,5,3,3
,,小美玉市（旧玉里村）,5,3,4
,ｶ,笠間市（旧笠間市、旧友部町）,5,3,4
,,笠間市（旧岩間町）,5,3,3
,,鹿嶋市,6,4,4
,,かすみがうら市（旧霞ケ浦町）,5,3,4
,,かすみがうら市（旧千代田町）,5,3,3
,,神栖市,6,4,4
,,河内町,5,3,3
,ｷ,北茨城市,5,4,4
,ｺ,古河市（旧古河市、旧総和町）,6,4,3
,,古河市（旧三和町）,6,4,4
,,五霞町,5,4,3
,ｻ,境町,5,4,3
,,桜川市,5,3,3
,ｼ,下妻市,5,3,4
,,常総市（旧水海道市）,5,3,3
,,常総市（旧石下町）,5,3,4
,,城里町（旧常北町、旧桂村）,5,3,4
,,城里町（旧七会村）,4,4,4
,ﾀ,大子町,4,3,3
,,高萩市,5,4,4
,ﾁ,筑西市（旧下館市、旧明野町、旧協和町）,5,3,3
,,筑西市（旧関城町）,5,3,4
,ﾂ,つくば市（旧つくば市）,5,3,4
,,つくば市（旧茎崎町）,5,3,3
,,つくばみらい市,5,3,3
,,土浦市（旧土浦市）,6,3,3
,,土浦市（旧新治村）,5,3,3
,ﾄ,東海村,5,4,3
,,利根町,5,3,3
,,取手市,5,3,3
,ﾅ,那珂市,5,3,4
,,行方市,5,3,4
,ﾊ,坂東市,5,4,3
,ﾋ,常陸太田市,5,3,4
,,常陸大宮市,5,3,4
,,日立市,6,3,3
,,ひたちなか市,5,4,4
,ﾎ,鉾田市,5,3,4
,ﾐ,水戸市,5,4,4
,,美浦村,5,3,3
,ﾓ,守谷市,6,3,3
,ﾔ,八千代町,5,3,4
,ﾕ,結城市,5,4,4
,ﾘ,龍ケ崎市,6,3,3
09.栃木県,ｱ,足利市,6,4,4
,ｲ,市貝町,5,4,4
,ｳ,宇都宮市,5,4,4
,ｵ,大田原市,5,3,4
,,小山市,5,4,4
,ｶ,鹿沼市,5,4,4
,,上三川町,5,4,4
,ｻ,さくら市,5,3,4
,,佐野市,6,4,4
,ｼ,塩谷町,4,3,4
,,下野市,5,4,4
,ﾀ,高根沢町,5,3,4
,ﾄ,栃木市（旧栃木市、旧西方町、旧大平町、旧岩舟町、旧都賀町）,5,4,4
,,栃木市（旧藤岡町）,5,4,3
,ﾅ,那珂川町,5,3,4
,,那須烏山市,5,3,4
,,那須塩原市（旧黒磯市）,4,3,3
,,那須塩原市（旧西那須野町、旧塩原町）,4,3,4
,,那須町,4,3,3
,ﾆ,日光市（旧日光市、旧今市市）,4,4,4
,,日光市（旧足尾町）,3,4,5
,,日光市（旧栗山村）,2,4,4
,,日光市（旧藤原町）,4,4,5
,ﾉ,野木町,5,4,3
,ﾊ,芳賀町,5,4,4
,ﾏ,益子町,5,4,4
,ﾐ,壬生町,5,4,4
,ﾓ,真岡市,5,4,4
,,茂木町,5,4,4
,ﾔ,矢板市,5,3,4
10.群馬県,ｱ,安中市（旧安中市）,5,4,5
,,安中市（旧松井田町）,5,4,4
,ｲ,伊勢崎市（旧伊勢崎市、旧佐波郡東村、旧境町）,6,4,3
,,伊勢崎市（旧赤堀町）,6,4,4
,,板倉町,5,4,3
,ｳ,上野村,3,4,4
,ｵ,邑楽町,6,4,3
,,大泉町,6,4,3
,,太田市,6,4,3
,ｶ,片品村,2,4,4
,,川場村,3,4,5
,,神流町,4,4,4
,,甘楽町,5,4,4
,ｷ,桐生市（旧桐生市）,6,4,4
,,桐生市（旧新里村）,5,4,4
,,桐生市（旧黒保根村）,4,4,4
,ｸ,草津町,2,4,5
,ｼ,渋川市（旧渋川市、旧北橘村、旧子持村、旧伊香保町）,5,4,5
,,渋川市（旧赤城村、旧小野上村）,5,4,4
,,下仁田町,5,4,4
,,昭和村,4,4,4
,,榛東村,5,4,4
,ﾀ,高崎市（旧高崎市、旧榛名町、旧箕郷町、旧群馬町、旧吉井町）,6,4,4
,,高崎市（旧倉渕村）,4,4,4
,,高崎市（旧新町）,6,4,3
,,高山村,3,4,4
,,館林市,6,4,3
,,玉村町,6,4,3
,ﾁ,千代田町,6,4,4
,ﾂ,嬬恋村,2,4,4
,ﾄ,富岡市,5,4,4
,ﾅ,中之条町,4,4,4
,,長野原町,3,4,4
,,南牧村,4,4,4
,ﾇ,沼田市（旧沼田市）,4,4,4
,,沼田市（旧白沢村、旧利根村）,4,4,5
,ﾋ,東吾妻町,4,4,4
,ﾌ,藤岡市,6,4,4
,ﾏ,前橋市,6,4,4
,ﾐ,みどり市（旧勢多郡東村、旧笠懸町）,5,4,4
,,みどり市（旧大間々町）,5,4,5
,,みなかみ町（旧月夜野町）,4,4,4
,,みなかみ町（旧水上町）,4,3,4
,,みなかみ町（旧新治村）,4,4,3
,ﾒ,明和町,6,4,3
,ﾖ,吉岡町,5,4,4
11.埼玉県,ｱ,上尾市,6,4,3
,,朝霞市,6,3,4
,ｲ,伊奈町,6,4,3
,,入間市,6,4,3
,ｵ,小鹿野町,5,4,4
,,小川町,5,4,3
,,桶川市,6,4,3
,,越生町,5,3,4
,ｶ,春日部市,6,4,3
,,加須市,6,4,3
,,神川町,5,4,4
,,上里町,6,4,3
,,川口市,6,3,3
,,川越市,6,4,3
,,川島町,5,4,3
,ｷ,北本市,6,4,3
,,行田市（旧行田市）,6,4,3
,,行田市（旧南河原村）,6,4,4
,ｸ,久喜市,6,4,3
,,熊谷市（旧熊谷市）,6,4,4
,,熊谷市（旧大里村、旧江南町、旧妻沼町）,6,4,3
,ｺ,鴻巣市,6,4,3
,,越谷市,6,3,4
,ｻ,さいたま市,6,4,3
,,坂戸市,6,3,3
,,幸手市,6,4,3
,,狭山市,6,4,3
,ｼ,志木市,6,4,2
,,白岡市,6,4,3
,ｽ,杉戸町,6,4,3
,ｿ,草加市,6,3,3
,ﾁ,秩父市（旧秩父市、旧吉田町、旧荒川村）,5,4,4
,,秩父市（旧大滝村）,4,4,4
,ﾂ,鶴ヶ島市,6,3,3
,ﾄ,ときがわ町（旧都幾川村）,5,3,4
,,ときがわ町（旧玉川村）,5,3,3
,,所沢市,6,4,3
,,戸田市,6,3,3
,ﾅ,長瀞町,5,4,4
,,滑川町,5,4,3
,ﾆ,新座市,6,3,2
,ﾊ,蓮田市,6,4,3
,,鳩山町,5,3,3
,,羽生市,6,4,3
,,飯能市,5,3,4
,ﾋ,東秩父村,5,4,4
,,東松山市,6,4,3
,,日高市,5,3,3
,ﾌ,深谷市,6,4,3
,,富士見市,6,4,3
,,ふじみ野市,6,4,3
,ﾎ,本庄市（旧本庄市）,6,4,3
,,本庄市（旧児玉町）,6,4,4
,ﾏ,松伏町,6,3,4
,ﾐ,三郷市,6,3,3
,,美里町,5,4,3
,,皆野町,5,4,4
,,宮代町,6,4,3
,,三芳町,6,4,3
,ﾓ,毛呂山町,5,3,3
,ﾔ,八潮市,6,3,3
,ﾖ,横瀬町,5,4,4
,,吉川市,6,3,4
,,吉見町,5,4,3
,,寄居町,5,4,3
,ﾗ,嵐山町,5,4,3
,ﾜ,和光市,6,3,3
,,蕨市,6,3,3
12.千葉県,ｱ,旭市（旧旭市、旧飯岡町）,6,4,3
,,旭市（旧干潟町、旧海上町）,6,4,4
,,我孫子市,6,3,3
,ｲ,いすみ市,6,4,3
,,市川市,6,3,3
,,一宮町,6,3,3
,,市原市,6,3,3
,,印西市,5,3,3
,ｳ,浦安市,6,4,3
,ｵ,大網白里市,6,3,3
,,大多喜町,6,3,3
,,御宿町,6,4,3
,ｶ,柏市,6,3,4
,,勝浦市,7,4,3
,,香取市（旧佐原市）,6,3,3
,,香取市（旧小見川町、旧山田町、旧栗源町）,6,3,4
,,鎌ケ谷市,6,3,4
,,鴨川市,6,4,3
,ｷ,木更津市,6,3,3
,,君津市,6,3,4
,,鋸南町,6,4,3
,ｸ,九十九里町,6,4,3
,ｺ,神崎町,5,3,3
,ｻ,栄町,5,3,3
,,佐倉市,6,3,3
,,山武市（旧成東町、旧蓮沼村）,6,4,3
,,山武市（旧山武町、旧松尾町）,6,4,4
,ｼ,酒々井町,6,3,3
,,芝山町,6,4,4
,,白子町,6,3,3
,,白井市,6,3,3
,ｿ,匝瑳市（旧八日市場市）,6,4,4
,,匝瑳市（旧野栄町）,6,4,3
,,袖ケ浦市,6,3,3
,ﾀ,多古町,6,3,4
,,館山市,7,4,3
,ﾁ,千葉市,6,4,3
,,銚子市,6,4,4
,,長生村,6,3,3
,,長南町,6,3,3
,ﾄ,東金市,6,4,3
,,東庄町,6,4,4
,,富里市,5,3,3
,ﾅ,長柄町,6,3,3
,,流山市,6,3,4
,,習志野市,6,4,3
,,成田市,6,3,3
,ﾉ,野田市,6,4,3
,ﾌ,富津市,6,4,3
,,船橋市,6,4,3
,ﾏ,松戸市,6,3,3
,ﾐ,南房総市（旧富浦町、旧富山町、旧三芳村、旧千倉町、旧丸山町、旧和田町）,6,4,3
,,南房総市（旧白浜町）,6,4,2
,ﾑ,睦沢町,6,3,3
,ﾓ,茂原市,6,3,3
,ﾔ,八街市,6,4,4
,,八千代市,6,4,2
,ﾖ,横芝光町（旧光町）,6,4,3
,,横芝光町（旧横芝町）,6,4,4
,,四街道市,6,3,4
13.東京都,ｱ,青ヶ島村,7,2,2
,,昭島市,6,4,3
,,あきる野市,5,4,4
,ｲ,稲城市,6,4,3
,ｵ,青梅市,5,4,4
,,大島町,7,4,4
,,小笠原村,8,3,定義なし
,,奥多摩町,4,4,3
,ｷ,清瀬市,6,4,2
,ｸ,国立市,6,4,4
,ｺ,神津島村,7,4,2
,,小金井市,6,4,3
,,国分寺市,6,4,4
,,小平市,6,4,2
,,狛江市,6,3,3
,ﾀ,立川市,6,4,3
,,多摩市,6,4,4
,ﾁ,調布市,6,3,3
,ﾄ,東京都23区,6,3,3
,,利島村,7,4,4
,ﾆ,新島村,7,4,2
,,西東京市,6,3,3
,ﾊ,八王子市,6,4,3
,,八丈町,7,2,1
,,羽村市,5,4,3
,ﾋ,東久留米市,6,4,4
,,東村山市,6,4,3
,,東大和市,6,4,3
,,日野市,6,4,3
,,日の出町,5,4,4
,,檜原村,4,4,4
,ﾌ,府中市,6,4,3
,,福生市,6,4,3
,ﾏ,町田市,6,4,3
,ﾐ,御蔵島村,7,4,2
,,瑞穂町,5,4,3
,,三鷹市,6,3,3
,,三宅村,7,4,2
,ﾑ,武蔵野市,6,3,3
,,武蔵村山市,6,4,3
14.神奈川県,ｱ,愛川町,5,3,4
,,厚木市,6,3,3
,,綾瀬市,6,4,3
,ｲ,伊勢原市,6,3,4
,ｴ,海老名市,6,3,3
,ｵ,大磯町,6,4,3
,,大井町,6,3,3
,,小田原市,6,4,3
,ｶ,開成町,6,3,3
,,鎌倉市,6,4,3
,,川崎市,6,4,3
,ｷ,清川村,5,3,3
,ｻ,相模原市,6,4,3
,,座間市,6,4,3
,,寒川町,6,4,3
,ｽ,逗子市,6,4,3
,ﾁ,茅ヶ崎市,6,4,3
,ﾅ,中井町,6,4,4
,ﾆ,二宮町,6,4,2
,ﾊ,箱根町,6,4,4
,,秦野市,6,3,3
,,葉山町,6,4,3
,ﾋ,平塚市,6,4,3
,ﾌ,藤沢市,7,4,3
,ﾏ,松田町,6,3,3
,,真鶴町,6,4,3
,ﾐ,三浦市,7,4,3
,,南足柄市,6,3,3
,ﾔ,山北町,5,3,3
,,大和市,6,4,3
,ﾕ,湯河原町,6,3,3
,ﾖ,横須賀市,7,4,3
,,横浜市,6,4,3
15.新潟県,ｱ,阿賀野市,5,3,2
,,阿賀町,4,3,2
,,粟島浦村,5,3,1
,ｲ,出雲崎町,5,3,2
,,糸魚川市,5,3,2
,ｳ,魚沼市,4,2,2
,ｵ,小千谷市,4,3,2
,ｶ,柏崎市,5,3,2
,,加茂市,5,3,2
,,刈羽村,5,3,2
,ｺ,五泉市,5,3,2
,ｻ,佐渡市,5,3,2
,,三条市,5,3,2
,ｼ,新発田市,5,3,1
,,上越市,5,3,2
,ｾ,聖籠町,5,3,2
,,関川村,4,2,2
,ﾀ,胎内市,5,3,1
,,田上町,5,3,2
,ﾂ,津南町,4,3,3
,,燕市,5,3,2
,ﾄ,十日町市,4,3,2
,ﾅ,長岡市,5,3,2
,ﾆ,新潟市,5,3,2
,ﾐ,見附市,5,3,2
,,南魚沼市,4,3,2
,,妙高市,5,3,2
,ﾑ,村上市,4,3,2
,ﾔ,弥彦村,5,3,2
,ﾕ,湯沢町,4,3,3
16.富山県,ｱ,朝日町,5,3,2
,ｲ,射水市,5,3,2
,ｳ,魚津市,5,3,2
,ｵ,小矢部市,5,3,2
,ｶ,上市町,5,3,2
,ｸ,黒部市,5,3,2
,ﾀ,高岡市,5,3,2
,,立山町,5,3,2
,ﾄ,砺波市,5,3,2
,,富山市,5,3,2
,ﾅ,滑川市,5,3,2
,,南砺市,5,3,2
,ﾆ,入善町,5,3,2
,ﾋ,氷見市,5,3,2
,ﾌ,舟橋村,5,3,2
17.石川県,ｱ,穴水町,5,3,2
,ｳ,内灘町,5,3,2
,ｶ,加賀市,5,3,2
,,金沢市,6,3,3
,,かほく市,5,3,2
,,川北町,5,3,2
,ｺ,小松市,6,3,1
,ｼ,志賀町,5,3,2
,ｽ,珠洲市,5,3,2
,ﾂ,津幡町,5,3,2
,ﾅ,中能登町,5,3,2
,,七尾市,5,3,2
,ﾉ,能登町,5,3,2
,,野々市市,6,3,3
,,能美市,5,3,2
,ﾊ,羽咋市,5,3,2
,,白山市（旧松任市）,6,3,3
,,白山市（旧美川町）,5,3,3
,,白山市（旧鶴来町）,5,3,2
,,白山市（旧河内村）,4,3,3
,,白山市（旧吉野谷村、旧鳥越村、旧尾口村）,4,3,2
,,白山市（旧白峰村）,3,3,2
,ﾎ,宝達志水町,5,3,2
,ﾜ,輪島市,5,3,2
18.福井県,ｱ,あわら市,5,3,2
,ｲ,池田町,4,3,2
,ｴ,永平寺町,5,3,2
,,越前市,6,3,1
,,越前町,6,3,1
,ｵ,おおい町,6,3,1
,,大野市,5,3,2
,,小浜市,6,3,1
,ｶ,勝山市,5,3,2
,ｻ,坂井市,5,3,2
,,鯖江市,6,3,1
,ﾀ,高浜町,6,3,1
,ﾂ,敦賀市,6,3,2
,ﾌ,福井市,6,3,2
,ﾐ,南越前町,5,3,2
,,美浜町,6,3,2
,ﾜ,若狭町,5,3,1
19.山梨県,ｲ,市川三郷町（旧三珠町）,5,4,5
,,市川三郷町（旧市川大門町、旧六郷町）,5,4,4
,ｳ,上野原市,5,4,4
,ｵ,大月市,5,4,5
,,忍野村,3,4,5
,ｶ,甲斐市,5,5,4
,ｺ,甲州市（旧塩山市、旧勝沼町）,5,5,5
,,甲州市（旧大和村）,4,5,5
,,甲府市（旧甲府市）,6,5,4
,,甲府市（旧中道町）,5,4,5
,,甲府市（旧上九一色村）,4,5,4
,,小菅村,3,4,3
,ｼ,昭和町,6,4,4
,ﾀ,丹波山村,3,4,3
,ﾁ,中央市,5,4,4
,ﾂ,都留市,5,4,4
,ﾄ,道志村,4,4,5
,ﾅ,鳴沢村,3,4,4
,,南部町（旧南部町）,6,4,3
,,南部町（旧富沢町）,6,4,4
,ﾆ,西桂町,4,4,5
,,韮崎市,5,5,5
,ﾊ,早川町,5,4,4
,ﾌ,笛吹市（旧春日居町、旧石和町）,5,5,4
,,笛吹市（旧御坂町、旧一宮町、旧八代町、旧境川村）,5,5,5
,,笛吹市（旧芦川村）,3,5,4
,,富士河口湖町（旧上九一色村、旧勝山村、旧足和田村）,4,4,4
,,富士河口湖町（旧河口湖町）,4,4,5
,,富士川町,5,4,4
,,富士吉田市,4,4,5
,ﾎ,北杜市（旧明野村、旧大泉村、旧白州町）,4,5,5
,,北杜市（旧須玉町、旧高根町、旧長坂町）,4,5,4
,,北杜市（旧小淵沢町）,3,5,5
,,北杜市（旧武川村）,5,4,4
,ﾐ,南アルプス市（旧八田村、旧白根町、旧若草町、旧櫛形町、旧甲西町）,5,4,4
,,南アルプス市（旧芦安村）,5,4,5
,,身延町,5,4,4
,ﾔ,山中湖村,3,4,5
,,山梨市（旧山梨市、旧牧丘町）,5,5,4
,,山梨市（旧三富村）,5,5,3
20.長野県,ｱ,青木村,4,5,4
,,上松町,3,4,5
,,朝日村,3,5,5
,,阿智村（旧清内路村、旧浪合村）,4,4,5
,,阿智村（旧阿智村）,4,4,3
,,安曇野市,4,4,4
,,阿南町,4,4,3
,ｲ,飯島町,4,5,5
,,飯田市,5,4,4
,,飯綱町,3,4,4
,,飯山市,4,3,3
,,生坂村,3,4,4
,,池田町,4,4,4
,,伊那市,4,5,5
,ｳ,上田市（旧上田市、旧丸子町）,4,5,5
,,上田市（旧真田町、旧武石村）,3,5,5
,,売木村,3,4,3
,ｵ,王滝村,3,4,4
,,大桑村,4,4,4
,,大鹿村,4,5,5
,,大町市,3,4,4
,,岡谷市,3,5,5
,,小川村,3,4,3
,,小谷村,3,4,4
,,小布施町,4,4,4
,,麻績村,3,4,4
,ｶ,軽井沢町,2,4,5
,,川上村,2,5,5
,ｷ,木島平村,4,3,3
,,木曽町（旧木曽福島町）,3,5,5
,,木曽町（旧日義村、旧三岳村）,3,4,5
,,木曽町（旧開田村）,2,4,5
,,木祖村,2,5,5
,,北相木村,2,5,5
,ｺ,小海町,3,4,5
,,駒ヶ根市,4,5,5
,,小諸市,3,5,5
,ｻ,栄村,4,3,3
,,坂城町,4,4,4
,,佐久市,3,5,5
,,佐久穂町,3,4,5
,ｼ,塩尻市（旧塩尻市）,4,5,5
,,塩尻市（旧楢川村）,2,5,5
,,信濃町,3,3,3
,,下條村,4,4,5
,,下諏訪町,4,5,5
,ｽ,須坂市,4,4,4
,,諏訪市,4,5,5
,ﾀ,喬木村,5,4,4
,,高森町,4,4,4
,,高山村,3,4,4
,,辰野町,3,5,5
,,立科町,3,5,5
,ﾁ,筑北村,3,4,4
,,千曲市,4,4,4
,,茅野市,3,5,5
,ﾃ,天龍村,4,4,3
,ﾄ,東御市,4,5,5
,,豊丘村,4,4,4
,ﾅ,中川村,4,5,5
,,中野市（旧中野市）,4,3,4
,,中野市（旧豊田村）,4,3,3
,,長野市（旧長野市、旧大岡村、旧信州新町、旧豊野町、旧戸隠村、旧鬼無里村）,4,4,4
,,長野市（旧中条村）,4,4,3
,,長和町,3,5,5
,,南木曽町,4,4,3
,ﾈ,根羽村,4,4,3
,ﾉ,野沢温泉村,3,3,3
,ﾊ,白馬村,3,4,4
,,原村,3,5,5
,ﾋ,平谷村,3,4,4
,ﾌ,富士見町,3,5,5
,ﾏ,松川町,4,5,4
,,松川村,4,4,4
,,松本市（旧松本市、旧波田町、旧梓川村）,4,5,5
,,松本市（旧四賀村）,4,5,4
,,松本市（旧奈川村、旧安曇村）,4,4,5
,ﾐ,南相木村,2,5,5
,,南牧村,2,5,5
,,南箕輪村,4,5,5
,,箕輪町,4,5,5
,,宮田村,4,5,5
,,御代田町,3,5,5
,ﾔ,泰阜村,4,5,4
,,山形村,4,4,5
,,山ノ内町,3,4,4
21.岐阜県,ｱ,安八町,6,4,2
,ｲ,池田町,6,4,3
,,揖斐川町（旧揖斐川町、旧久瀬村、旧坂内村）,6,4,3
,,揖斐川町（旧谷汲村、旧春日村）,6,4,2
,,揖斐川町（旧藤橋村）,6,3,3
,ｴ,恵那市（旧恵那市、旧岩村町、旧山岡町、旧明智町）,5,4,4
,,恵那市（旧串原村、旧上矢作町）,5,4,3
,ｵ,大垣市（旧大垣市、旧墨俣町）,6,4,3
,,大垣市（旧上石津町）,5,3,2
,,大野町,6,4,3
,ｶ,海津市,6,4,3
,,各務原市,6,4,3
,,笠松町,6,4,3
,,可児市,6,4,3
,,川辺町,5,4,4
,ｷ,北方町,6,4,3
,,岐南町,6,4,3
,,岐阜市,6,4,3
,ｸ,郡上市（旧八幡町、旧大和町、旧明宝村、旧和良村）,4,4,3
,,郡上市（旧白鳥町）,4,3,3
,,郡上市（旧高鷲村）,3,4,3
,,郡上市（旧美並村）,5,4,4
,ｹ,下呂市（旧萩原町、旧下呂町）,4,4,3
,,下呂市（旧小坂町）,3,4,4
,,下呂市（旧金山町）,4,4,4
,,下呂市（旧馬瀬村）,3,4,3
,ｺ,神戸町,6,4,3
,ｻ,坂祝町,5,4,3
,ｼ,白川町,5,4,4
,,白川村,3,3,3
,ｾ,関ケ原町,5,3,2
,,関市,6,4,3
,ﾀ,高山市,4,3,3
,,多治見市,6,4,3
,,垂井町,6,4,3
,ﾄ,土岐市,5,4,4
,,富加町,5,4,3
,ﾅ,中津川市（旧山口村、旧加子母村）,4,4,4
,,中津川市（旧中津川市）,5,4,4
,,中津川市（旧坂下町、旧川上村、旧付知町、旧福岡町、旧蛭川村）,4,4,3
,ﾊ,羽島市,6,4,3
,ﾋ,東白川村,4,4,3
,,飛騨市（旧古川町、旧河合村、旧神岡町）,3,3,3
,,飛騨市（旧宮川村）,3,3,2
,,七宗町,5,4,4
,ﾐ,瑞浪市,5,4,4
,,瑞穂市,6,4,3
,,御嵩町,5,4,4
,,美濃加茂市,6,4,3
,,美濃市,5,4,3
,ﾓ,本巣市（旧本巣町）,6,4,4
,,本巣市（旧真正町、旧糸貫町）,6,4,3
,,本巣市（旧根尾村）,4,3,3
,ﾔ,八百津町,5,4,4
,,山県市（旧高富町、旧伊自良村）,6,4,2
,,山県市（旧美山町）,6,4,3
,ﾖ,養老町,6,4,2
,ﾜ,輪之内町,6,4,3
22.静岡県,ｱ,熱海市,6,4,4
,ｲ,伊豆市,6,3,3
,,伊豆の国市,6,3,3
,,伊東市,7,4,2
,,磐田市（旧磐田市、旧竜洋町、旧豊田町、旧豊岡村）,7,4,3
,,磐田市（旧福田町）,7,4,2
,ｵ,御前崎市（旧御前崎町）,7,5,2
,,御前崎市（旧浜岡町）,7,5,4
,,小山町,5,4,4
,ｶ,掛川市（旧掛川市）,6,4,4
,,掛川市（旧大須賀町、旧大東町）,6,4,3
,,河津町,7,4,4
,,川根本町（旧中川根町）,5,4,3
,,川根本町（旧本川根町）,5,4,4
,,函南町,6,4,3
,ｷ,菊川市,6,4,4
,ｺ,湖西市（旧湖西市）,6,4,4
,,湖西市（旧新居町）,6,4,3
,,御殿場市,5,3,4
,ｼ,静岡市（旧静岡市）,7,4,4
,,静岡市（旧清水市、旧蒲原町、旧由比町）,7,4,3
,,島田市,6,4,4
,,清水町,7,4,3
,,下田市,7,4,4
,ｽ,裾野市,6,4,4
,ﾅ,長泉町,6,4,4
,ﾆ,西伊豆町（旧西伊豆町）,6,4,4
,,西伊豆町（旧賀茂村）,6,4,3
,ﾇ,沼津市（旧沼津市）,7,4,2
,,沼津市（旧戸田村）,7,4,3
,ﾊ,浜松市,6,4,4
,ﾋ,東伊豆町,7,4,3
,ﾌ,袋井市,6,4,4
,,藤枝市,7,4,3
,,富士市（旧富士市）,7,4,4
,,富士市（旧富士川町）,7,4,3
,,富士宮市,6,4,4
,ﾏ,牧之原市,7,4,3
,,松崎町,7,4,4
,ﾐ,三島市,6,4,3
,,南伊豆町,7,4,4
,ﾓ,森町,6,4,4
,ﾔ,焼津市,7,4,3
,ﾖ,吉田町,7,4,3
23.愛知県,ｱ,愛西市,6,4,3
,,阿久比町,6,4,4
,,あま市,6,4,3
,,安城市,6,4,4
,ｲ,一宮市,6,4,3
,,稲沢市,6,4,3
,,犬山市,6,4,4
,,岩倉市,6,4,3
,ｵ,大口町,6,4,4
,,大治町,6,4,3
,,大府市,6,4,4
,,岡崎市,6,4,4
,,尾張旭市,6,4,4
,ｶ,春日井市,6,4,4
,,蟹江町,6,4,3
,,蒲郡市,6,4,4
,,刈谷市,6,4,4
,ｷ,北名古屋市,6,4,3
,,清須市,6,4,3
,ｺ,幸田町,6,4,4
,,江南市,6,4,3
,,小牧市,6,4,4
,ｼ,設楽町（旧設楽町）,5,4,4
,,設楽町（旧津具村）,4,4,4
,,新城市,6,4,4
,ｾ,瀬戸市,6,4,4
,ﾀ,高浜市,6,4,4
,,武豊町,6,4,4
,,田原市（旧田原町）,6,4,4
,,田原市（旧赤羽根町）,6,4,2
,,田原市（旧渥美町）,6,4,3
,ﾁ,知多市,6,4,3
,,知立市,6,4,4
,ﾂ,津島市,6,4,3
,ﾄ,東栄町,5,4,3
,,東海市,6,4,3
,,東郷町,6,4,4
,,常滑市,6,4,3
,,飛島村,6,4,3
,,豊明市,6,4,4
,,豊川市,6,4,4
,,豊田市（旧豊田市、旧藤岡町、旧小原村、旧足助町、旧下山村、旧旭町）,6,4,3
,,豊田市（旧稲武町）,4,4,3
,,豊根村,4,4,4
,,豊橋市,7,4,3
,,豊山町,6,4,4
,ﾅ,長久手市,6,4,4
,,名古屋市,6,4,4
,ﾆ,西尾市（旧西尾市、旧吉良町、旧幡豆町）,6,4,4
,,西尾市（旧一色町）,6,4,2
,,日進市,6,4,4
,ﾊ,半田市,6,4,4
,ﾋ,東浦町,6,4,4
,ﾌ,扶桑町,6,4,3
,ﾍ,碧南市,6,4,4
,ﾐ,南知多町,6,4,4
,,美浜町,6,4,4
,,みよし市,6,4,4
,ﾔ,弥富市,6,4,3
24.三重県,ｱ,朝日町,6,4,3
,ｲ,伊賀市,5,3,3
,,伊勢市,6,4,3
,,いなべ市（旧北勢町、旧藤原町）,5,3,4
,,いなべ市（旧員弁町）,6,4,3
,,いなべ市（旧大安町）,6,3,4
,ｵ,大台町（旧大台町）,6,3,3
,,大台町（旧宮川村）,6,3,4
,,尾鷲市,6,4,4
,ｶ,亀山市（旧亀山市）,6,4,4
,,亀山市（旧関町）,6,4,3
,,川越町,6,4,3
,ｷ,木曽岬町,6,4,3
,,紀宝町,7,4,4
,,紀北町（旧紀伊長島町）,6,4,3
,,紀北町（旧海山町）,6,4,4
,ｸ,熊野市,7,4,4
,,桑名市,6,4,3
,ｺ,菰野町,6,3,4
,ｼ,志摩市（旧浜島町）,6,4,2
,,志摩市（旧大王町、旧志摩町、旧阿児町、旧磯部町）,6,4,3
,ｽ,鈴鹿市,6,4,4
,ﾀ,大紀町（旧大宮町、旧紀勢町）,6,4,3
,,大紀町（旧大内山村）,6,4,4
,,多気町,6,4,3
,,玉城町,6,4,3
,ﾂ,津市（旧津市、旧久居市、旧河芸町、旧安濃町、旧香良洲町、旧一志町）,6,4,3
,,津市（旧芸濃町、旧美里村）,6,4,4
,,津市（旧白山町）,6,3,4
,,津市（旧美杉村）,5,3,3
,ﾄ,東員町,6,4,3
,,鳥羽市,6,4,3
,ﾅ,名張市,5,3,3
,ﾏ,松阪市（旧松阪市、旧嬉野町、旧三雲町、旧飯高町）,6,4,3
,,松阪市（旧飯南町）,6,4,2
,ﾐ,南伊勢町,6,4,3
,,御浜町,7,4,4
,ﾒ,明和町,6,4,3
,ﾖ,四日市市,6,4,3
,ﾜ,度会町,6,4,3
25.滋賀県,ｱ,愛荘町,5,4,3
,ｵ,近江八幡市,6,4,2
,,大津市（旧大津市）,5,4,3
,,大津市（旧志賀町）,5,4,2
,ｸ,草津市,6,4,2
,ｺ,甲賀市,5,3,3
,,甲良町,5,3,2
,,湖南市,5,3,3
,ﾀ,高島市,5,3,2
,,多賀町,5,3,2
,ﾄ,豊郷町,5,4,2
,ﾅ,長浜市（旧長浜市、旧浅井町、旧虎姫町、旧湖北町、旧びわ町、旧高月町、旧木之本町、旧余呉町）,5,4,3
,,長浜市（旧西浅井町）,5,4,2
,ﾋ,東近江市（旧八日市市、旧蒲生町、旧永源寺町、旧五個荘町、旧愛東町、旧湖東町）,5,3,3
,,東近江市（旧能登川町）,5,3,2
,,彦根市,5,4,2
,,日野町,5,3,3
,ﾏ,米原市（旧山東町、旧米原町、旧近江町）,5,4,2
,,米原市（旧伊吹町）,5,4,3
,ﾓ,守山市,6,4,2
,ﾔ,野洲市,5,4,2
,ﾘ,栗東市,5,4,2
,,竜王町,5,3,3
26.京都府,ｱ,綾部市,5,3,2
,ｲ,井手町,6,4,2
,,伊根町,6,3,1
,ｳ,宇治市,6,4,3
,,宇治田原町,5,4,2
,ｵ,大山崎町,6,4,2
,ｶ,笠置町,5,4,3
,,亀岡市,5,3,2
,ｷ,木津川市,6,4,2
,,京田辺市,6,4,2
,,京丹後市,5,3,1
,,京丹波町,5,3,2
,,京都市,6,3,2
,ｸ,久御山町,6,4,3
,ｼ,城陽市,6,4,2
,ｾ,精華町,6,4,2
,ﾅ,長岡京市,6,4,2
,,南丹市（旧美山町）,5,3,2
,,南丹市（旧園部町、旧八木町、旧日吉町）,5,3,3
,ﾌ,福知山市,5,3,2
,ﾏ,舞鶴市,6,3,1
,ﾐ,南山城村,5,3,3
,,宮津市,5,3,1
,ﾑ,向日市,6,3,2
,ﾔ,八幡市,6,4,2
,ﾖ,与謝野町,5,3,1
,ﾜ,和束町,5,4,3
27.大阪府,ｲ,池田市,6,4,3
,,泉大津市,6,4,3
,,泉佐野市,6,4,3
,,和泉市,6,4,3
,,茨木市,6,4,3
,ｵ,大阪狭山市,6,4,3
,,大阪市,6,4,3
,ｶ,貝塚市,6,4,3
,,柏原市,6,4,3
,,交野市,6,4,3
,,門真市,6,4,3
,,河南町,6,4,2
,,河内長野市,6,4,3
,ｷ,岸和田市,6,4,3
,ｸ,熊取町,6,4,3
,ｻ,堺市（旧堺市）,6,4,3
,,堺市（旧美原町）,6,4,2
,ｼ,四條畷市,6,4,4
,,島本町,6,4,2
,ｽ,吹田市,6,4,3
,ｾ,摂津市,6,4,3
,,泉南市,6,4,3
,ﾀ,太子町,6,4,2
,,大東市,6,4,2
,,高石市,6,4,3
,,高槻市,6,4,2
,,田尻町,6,4,3
,,忠岡町,6,4,3
,ﾁ,千早赤阪村,6,4,2
,ﾄ,豊中市,6,4,3
,,豊能町,5,4,2
,,富田林市,6,4,2
,ﾈ,寝屋川市,6,4,3
,ﾉ,能勢町,5,3,3
,ﾊ,羽曳野市,6,4,2
,,阪南市,6,4,2
,ﾋ,東大阪市,6,4,2
,,枚方市,6,4,3
,ﾌ,藤井寺市,6,4,2
,ﾏ,松原市,6,4,2
,ﾐ,岬町,7,4,2
,,箕面市,6,4,3
,ﾓ,守口市,6,4,3
,ﾔ,八尾市,6,4,2
28.兵庫県,ｱ,相生市,6,4,3
,,明石市,6,4,2
,,赤穂市,6,4,4
,,朝来市,5,3,2
,,芦屋市,6,4,3
,,尼崎市,6,4,3
,,淡路市,6,4,3
,ｲ,伊丹市,6,4,3
,,市川町,5,4,2
,,猪名川町,5,3,3
,,稲美町,6,4,3
,ｵ,小野市,6,4,4
,ｶ,加古川市,6,4,4
,,加西市,5,4,4
,,加東市（旧社町、旧東条町）,5,4,3
,,加東市（旧滝野町）,5,4,2
,,神河町（旧神崎町）,5,3,2
,,神河町（旧大河内町）,5,3,3
,,上郡町,5,4,3
,,香美町（旧香住町）,6,3,2
,,香美町（旧村岡町、旧美方町）,4,3,1
,,川西市,6,4,3
,ｺ,神戸市,6,4,3
,ｻ,佐用町,5,4,3
,,三田市,5,4,3
,ｼ,宍粟市（旧山崎町）,5,4,3
,,宍粟市（旧一宮町、旧波賀町、旧千種町）,5,3,3
,,新温泉町（旧浜坂町）,6,3,1
,,新温泉町（旧温泉町）,5,3,2
,ｽ,洲本市,6,4,3
,ﾀ,太子町,6,4,4
,,高砂市,6,4,3
,,多可町,5,3,2
,,宝塚市,6,4,3
,,たつの市（旧龍野市、旧新宮町）,6,4,3
,,たつの市（旧揖保川町、旧御津町）,6,4,4
,,篠山市,5,3,3
,,丹波市,5,3,2
,ﾄ,豊岡市,5,3,2
,ﾆ,西宮市,6,4,3
,,西脇市,5,3,2
,ﾊ,播磨町,6,4,3
,ﾋ,姫路市（旧姫路市、旧夢前町、旧安富町）,6,4,3
,,姫路市（旧家島町、旧香寺町）,6,4,2
,ﾌ,福崎町,6,4,2
,ﾐ,三木市（旧三木市）,6,4,4
,,三木市（旧吉川町）,6,4,3
,,南あわじ市,6,4,3
,ﾔ,養父市,5,3,2
29.奈良県,ｱ,明日香村,6,3,2
,,安堵町,6,4,2
,ｲ,斑鳩町,6,4,2
,,生駒市,5,4,2
,ｳ,宇陀市,5,4,3
,ｵ,王寺町,6,4,2
,,大淀町,5,3,3
,ｶ,香芝市,6,4,2
,,橿原市,6,4,2
,,葛城市,6,4,2
,,上北山村,5,3,3
,,河合町,6,4,2
,,川上村,4,3,3
,,川西町,6,4,2
,,上牧町,6,4,2
,ｸ,黒滝村,4,3,3
,ｺ,広陵町,6,4,2
,,五條市（旧五條市、旧西吉野村）,6,3,2
,,五條市（旧大塔村）,4,3,2
,,御所市,6,4,2
,ｻ,桜井市,6,3,2
,,三郷町,6,4,2
,ｼ,下市町,5,3,3
,,下北山村,5,3,2
,ｿ,曽爾村,4,3,4
,ﾀ,高取町,6,4,2
,,田原本町,6,4,2
,ﾃ,天川村,4,3,3
,,天理市,6,4,2
,ﾄ,十津川村,5,3,3
,ﾅ,奈良市（旧奈良市、旧月ケ瀬村）,6,4,2
,,奈良市（旧都祁村）,4,4,2
,ﾉ,野迫川村,3,3,2
,ﾋ,東吉野村,5,3,3
,ﾍ,平群町,5,4,2
,ﾐ,御杖村,4,3,4
,,三宅町,6,4,2
,ﾔ,山添村,5,4,3
,,大和郡山市,6,4,2
,,大和高田市,6,4,2
,ﾖ,吉野町,5,3,3
30.和歌山県,ｱ,有田川町,6,4,3
,,有田市,6,4,3
,ｲ,印南町,7,4,3
,,岩出市,6,4,3
,ｶ,海南市,6,4,3
,,かつらぎ町（旧かつらぎ町）,6,4,2
,,かつらぎ町（旧花園村）,5,4,2
,,上富田町,6,4,3
,ｷ,北山村,6,4,4
,,紀の川市（旧打田町、旧粉河町、旧那賀町、旧桃山町）,6,4,3
,,紀の川市（旧貴志川町）,6,4,2
,,紀美野町（旧野上町）,6,4,3
,,紀美野町（旧美里町）,6,4,4
,ｸ,串本町（旧串本町）,7,5,2
,,串本町（旧古座町）,7,5,4
,,九度山町,6,3,3
,ｺ,高野町,4,4,2
,,古座川町,7,4,4
,,御坊市,7,4,3
,ｼ,白浜町,7,4,4
,,新宮市,7,4,4
,ｽ,すさみ町,7,4,4
,ﾀ,太地町,7,4,4
,,田辺市（旧田辺市）,7,4,3
,,田辺市（旧龍神村）,5,4,3
,,田辺市（旧中辺路町、旧大塔村）,7,4,4
,,田辺市（旧本宮町）,6,4,3
,ﾅ,那智勝浦町,7,4,4
,ﾊ,橋本市,6,3,2
,ﾋ,日高川町（旧川辺町、旧中津村）,6,4,3
,,日高川町（旧美山村）,5,4,4
,,日高町,6,4,3
,,広川町,6,4,4
,ﾐ,みなべ町（旧南部川村）,7,4,3
,,みなべ町（旧南部町）,7,4,2
,,美浜町,7,4,2
,ﾕ,湯浅町,6,4,3
,,由良町,6,4,3
,ﾜ,和歌山市,7,4,2
31.鳥取県,ｲ,岩美町,6,3,1
,ｸ,倉吉市,5,3,2
,ｺ,江府町,5,3,2
,,琴浦町,6,3,3
,ｻ,境港市,6,3,1
,ﾀ,大山町,6,3,3
,ﾁ,智頭町,5,3,2
,ﾄ,鳥取市（旧鳥取市、旧福部村、旧気高町、旧青谷町）,6,3,2
,,鳥取市（旧国府町、旧河原町、旧用瀬町、旧佐治村、旧鹿野町）,6,3,1
,ﾅ,南部町,5,3,2
,ﾆ,日南町,4,3,3
,ﾋ,日吉津村,6,3,2
,,日野町,4,3,2
,ﾎ,伯耆町,6,3,2
,,北栄町,6,3,3
,ﾐ,三朝町,5,3,2
,ﾔ,八頭町,5,3,2
,ﾕ,湯梨浜町（旧羽合町、旧東郷町）,6,3,3
,,湯梨浜町（旧泊村）,6,3,2
,ﾖ,米子市（旧米子市）,6,3,2
,,米子市（旧淀江町）,6,3,3
,ﾜ,若桜町,4,3,2
32.島根県,ｱ,海士町,6,3,2
,ｲ,飯南町,4,3,2
,,出雲市（旧出雲市、旧斐川町）,6,3,2
,,出雲市（旧平田市、旧佐田町、旧多伎町、旧湖陵町、旧大社町）,6,3,1
,ｳ,雲南市,5,3,2
,ｵ,大田市（旧大田市）,6,3,2
,,大田市（旧温泉津町、旧仁摩町）,6,3,1
,,邑南町（旧羽須美村、旧瑞穂町）,5,3,2
,,邑南町（旧石見町）,5,3,3
,,隠岐の島町（旧西郷町、旧五箇村）,6,3,2
,,隠岐の島町（旧布施村）,6,3,3
,,隠岐の島町（旧都万村）,6,3,1
,,奥出雲町（旧仁多町）,5,3,2
,,奥出雲町（旧横田町）,5,3,3
,ｶ,川本町,5,3,2
,ｺ,江津市（旧江津市）,6,3,2
,,江津市（旧桜江町）,6,3,1
,ﾁ,知夫村,6,3,1
,ﾂ,津和野町,5,3,2
,ﾆ,西ノ島町,6,3,1
,ﾊ,浜田市（旧浜田市）,6,3,2
,,浜田市（旧金城町、旧弥栄村）,6,3,1
,,浜田市（旧旭町、旧三隅町）,6,3,3
,ﾏ,益田市（旧益田市）,6,4,2
,,益田市（旧美都町、旧匹見町）,5,3,3
,,松江市（旧松江市、旧鹿島町、旧宍道町）,6,3,2
,,松江市（旧島根町、旧美保関町、旧東出雲町、旧八雲村、旧玉湯町、旧八束町）,6,3,1
,ﾐ,美郷町,5,3,2
,ﾔ,安来市,6,3,1
,ﾖ,吉賀町,4,3,3
33.岡山県,ｱ,赤磐市（旧山陽町）,6,4,2
,,赤磐市（旧赤坂町、旧熊山町、旧吉井町）,6,4,3
,,浅口市,6,4,3
,ｲ,井原市（旧井原市、旧美星町）,6,4,2
,,井原市（旧芳井町）,6,4,3
,ｵ,岡山市（旧岡山市、旧灘崎町）,6,4,3
,,岡山市（旧御津町、旧建部町、旧瀬戸町）,6,4,2
,ｶ,鏡野町（旧富村、旧奥津町、旧上齋原村）,5,3,2
,,鏡野町（旧鏡野町）,5,3,3
,,笠岡市,6,4,3
,ｷ,吉備中央町,4,4,2
,ｸ,久米南町,5,4,3
,,倉敷市,6,4,3
,ｻ,里庄町,6,4,3
,ｼ,勝央町,5,4,3
,,新庄村,4,3,2
,ｾ,瀬戸内市,6,4,3
,ｿ,総社市,6,4,3
,ﾀ,高梁市,5,4,3
,,玉野市,6,4,2
,ﾂ,津山市（旧津山市、旧加茂町、旧勝北町、旧久米町）,5,3,3
,,津山市（旧阿波村）,4,3,2
,ﾅ,奈義町,5,3,3
,ﾆ,新見市（旧新見市、旧神郷町、旧哲多町、旧哲西町）,5,3,3
,,新見市（旧大佐町）,5,3,2
,,西粟倉村,4,3,3
,ﾊ,早島町,6,4,3
,ﾋ,備前市,5,4,3
,ﾏ,真庭市（旧北房町、旧勝山町）,5,3,2
,,真庭市（旧落合町、旧久世町）,5,3,3
,,真庭市（旧湯原町、旧美甘村、旧川上村、旧八束村、旧中和村）,4,3,2
,ﾐ,美咲町,5,4,3
,,美作市,5,4,3
,ﾔ,矢掛町,6,4,3
,ﾜ,和気町,5,4,3
34.広島県,ｱ,安芸太田町,4,3,3
,,安芸高田市（旧吉田町、旧甲田町、旧向原町）,5,4,3
,,安芸高田市（旧八千代町、旧美土里町、旧高宮町）,5,4,2
,ｴ,江田島市,6,4,3
,ｵ,大崎上島町,6,4,3
,,大竹市,6,4,4
,,尾道市（旧尾道市、旧因島市、旧御調町、旧向島町）,6,4,3
,,尾道市（旧瀬戸田町）,6,4,2
,ｶ,海田町,6,4,3
,ｷ,北広島町（旧芸北町、旧大朝町、旧豊平町）,5,4,3
,,北広島町（旧千代田町）,5,4,2
,ｸ,熊野町,5,4,4
,,呉市（旧呉市、旧音戸町、旧蒲刈町、旧安浦町、旧川尻町）,6,4,3
,,呉市（旧倉橋町、旧下蒲刈町、旧豊浜町、旧豊町）,6,4,2
,ｻ,坂町,6,4,3
,ｼ,庄原市（旧庄原市）,5,3,3
,,庄原市（旧総領町）,4,4,3
,,庄原市（旧西城町、旧東城町、旧比和町）,4,3,3
,,庄原市（旧口和町、旧高野町）,4,3,2
,,神石高原町（旧油木町、旧神石町、旧豊松村）,4,4,3
,,神石高原町（旧三和町）,4,4,2
,ｾ,世羅町（旧甲山町、旧世羅町）,4,4,2
,,世羅町（旧世羅西町）,4,4,4
,ﾀ,竹原市,6,4,4
,ﾊ,廿日市市（旧廿日市市、旧宮島町）,6,4,3
,,廿日市市（旧大野町）,6,4,4
,,廿日市市（旧佐伯町）,5,4,2
,,廿日市市（旧吉和村）,3,4,3
,ﾋ,東広島市（旧東広島市、旧福富町）,5,4,3
,,東広島市（旧黒瀬町、旧豊栄町、旧河内町、旧安芸津町）,5,4,4
,,広島市,6,4,3
,ﾌ,福山市（旧福山市、旧内海町、旧沼隈町、旧新市町）,6,4,3
,,福山市（旧神辺町）,6,4,2
,,府中市,5,4,3
,,府中町,6,4,3
,ﾐ,三原市（旧三原市、旧大和町、旧久井町）,6,4,3
,,三原市（旧本郷町）,6,4,4
,,三次市（旧三次市、旧甲奴町、旧吉舎町、旧三良坂町、旧三和町）,5,3,3
,,三次市（旧君田村、旧布野村、旧作木村）,5,3,2
35.山口県,ｱ,阿武町,6,3,2
,ｲ,岩国市（旧岩国市、旧玖珂町、旧周東町）,6,4,2
,,岩国市（旧由宇町、旧本郷村、旧錦町、旧美川町、旧美和町）,6,4,3
,ｳ,宇部市（旧宇部市）,6,4,3
,,宇部市（旧楠町）,6,4,4
,ｶ,上関町,6,5,3
,ｸ,下松市,6,4,3
,ｻ,山陽小野田市,6,4,3
,ｼ,下関市（旧下関市、旧菊川町）,7,4,3
,,下関市（旧豊田町）,5,4,1
,,下関市（旧豊浦町）,7,4,2
,,下関市（旧豊北町）,7,4,1
,,周南市,6,4,3
,ｽ,周防大島町（旧久賀町、旧大島町、旧東和町）,6,4,3
,,周防大島町（旧橘町）,6,4,2
,ﾀ,田布施町,6,4,3
,ﾅ,長門市,6,3,2
,ﾊ,萩市（旧萩市、旧川上村、旧田万川町、旧須佐町）,6,3,2
,,萩市（旧むつみ村）,5,3,2
,,萩市（旧旭村）,6,4,2
,,萩市（旧福栄村）,5,4,3
,ﾋ,光市（旧光市）,6,5,2
,,光市（旧大和町）,6,5,3
,,平生町,6,4,3
,ﾎ,防府市,6,4,3
,ﾐ,美祢市（旧美祢市）,5,4,3
,,美祢市（旧美東町、旧秋芳町）,5,4,2
,ﾔ,柳井市,6,4,3
,,山口市（旧山口市、旧徳地町、旧秋穂町、旧小郡町、旧阿知須町）,6,4,3
,,山口市（旧阿東町）,6,4,2
,ﾜ,和木町,6,4,2
36.徳島県,ｱ,藍住町,6,4,3
,,阿南市,7,4,3
,,阿波市,6,4,3
,ｲ,石井町,6,4,3
,,板野町,6,4,3
,ｶ,海陽町,7,4,4
,,勝浦町,6,4,3
,,上板町,6,4,3
,,上勝町,5,4,4
,,神山町,6,4,3
,ｷ,北島町,6,4,3
,ｺ,小松島市,7,4,3
,ｻ,佐那河内村,6,4,3
,ﾂ,つるぎ町（旧半田町、旧一宇村）,6,3,3
,,つるぎ町（旧貞光町）,6,3,4
,ﾄ,徳島市,6,4,3
,ﾅ,那賀町（旧鷲敷町、旧相生町、旧木沢村、旧木頭村）,6,4,3
,,那賀町（旧上那賀町）,6,4,4
,,鳴門市,6,4,3
,ﾋ,東みよし町,6,3,2
,ﾏ,松茂町,6,4,3
,ﾐ,美波町,7,4,4
,,美馬市（旧脇町、旧美馬町）,6,3,3
,,美馬市（旧穴吹町）,6,3,4
,,美馬市（旧木屋平村）,6,3,2
,,三好市（旧三野町、旧池田町）,5,4,2
,,三好市（旧山城町、旧井川町、旧東祖谷山村、旧西祖谷山村）,5,4,3
,ﾑ,牟岐町,6,4,4
,ﾖ,吉野川市,6,4,3
37.香川県,ｱ,綾川町,6,4,3
,ｳ,宇多津町,6,4,3
,ｶ,観音寺市,6,4,3
,ｺ,琴平町,6,4,3
,ｻ,坂出市,6,4,3
,,さぬき市,6,4,3
,ｼ,小豆島町,6,4,3
,ｾ,善通寺市,6,4,3
,ﾀ,高松市（旧高松市、旧牟礼町、旧塩江町、旧香川町、旧香南町、旧国分寺町）,6,4,3
,,高松市（旧庵治町）,6,4,2
,,多度津町,6,4,2
,ﾄ,土庄町,6,4,3
,ﾅ,直島町,6,4,3
,ﾋ,東かがわ市,6,4,3
,ﾏ,丸亀市（旧丸亀市）,6,4,2
,,丸亀市（旧綾歌町、旧飯山町）,6,4,3
,,まんのう町,6,4,3
,ﾐ,三木町,6,4,3
,,三豊市,6,4,3
38.愛媛県,ｱ,愛南町（旧内海村、旧御荘町、旧城辺町、旧一本松町）,7,4,4
,,愛南町（旧西海町）,7,4,3
,ｲ,伊方町（旧伊方町、旧三崎町）,6,4,2
,,伊方町（旧瀬戸町）,6,4,4
,,今治市（旧今治市、旧朝倉村、旧玉川町、旧波方町、旧大西町、旧菊間町、旧宮窪町、旧伯方町、旧大三島町、旧関前村）,6,4,3
,,今治市（旧吉海町、旧上浦町）,6,4,2
,,伊予市（旧伊予市、旧双海町）,6,4,2
,,伊予市（旧中山町）,6,4,3
,ｳ,内子町（旧小田町）,5,3,3
,,内子町（旧内子町、旧五十崎町）,6,3,2
,,宇和島市（旧宇和島市、旧吉田町、旧三間町）,7,4,2
,,宇和島市（旧津島町）,7,4,4
,ｵ,大洲市（旧大洲市）,6,3,2
,,大洲市（旧長浜町）,6,4,2
,,大洲市（旧肱川町）,5,3,4
,,大洲市（旧河辺村）,5,4,3
,ｶ,上島町（旧魚島村）,6,4,2
,,上島町（旧弓削町、旧生名村、旧岩城村）,6,4,3
,ｷ,鬼北町（旧広見町）,6,4,2
,,鬼北町（旧日吉村）,6,4,3
,ｸ,久万高原町,4,4,3
,ｻ,西条市（旧西条市、旧小松町）,6,4,4
,,西条市（旧東予市）,6,4,2
,,西条市（旧丹原町）,6,4,3
,ｼ,四国中央市（旧川之江市、旧土居町）,6,4,2
,,四国中央市（旧伊予三島市、旧新宮村）,6,4,3
,ｾ,西予市（旧三瓶町、旧明浜町、旧宇和町、旧城川町）,6,4,3
,,西予市（旧野村町）,6,4,4
,ﾄ,東温市（旧重信町）,6,4,3
,,東温市（旧川内町）,6,4,4
,,砥部町（旧砥部町）,6,4,3
,,砥部町（旧広田村）,6,4,2
,ﾆ,新居浜市（旧新居浜市）,7,4,2
,,新居浜市（旧別子山村）,4,4,3
,ﾏ,松前町,7,4,2
,,松野町,6,4,3
,,松山市,7,4,2
,ﾔ,八幡浜市,6,4,2
39.高知県,ｱ,安芸市,7,5,4
,ｲ,いの町（旧本川村）,4,4,3
,,いの町（旧伊野町）,6,4,4
,,いの町（旧吾北村）,5,4,3
,ｳ,馬路村,6,4,4
,ｵ,大川村,5,3,3
,,大月町,7,5,3
,,大豊町,5,3,3
,,越知町,6,4,3
,ｶ,香美市,6,4,4
,ｷ,北川村,7,4,4
,ｸ,黒潮町,6,4,3
,ｹ,芸西村,7,5,4
,ｺ,高知市,7,5,4
,,香南市,7,5,4
,ｻ,佐川町,6,4,4
,ｼ,四万十市,7,4,3
,,四万十町（旧窪川町）,6,4,3
,,四万十町（旧大正町、旧十和村）,6,4,4
,ｽ,宿毛市,7,4,4
,,須崎市,7,4,4
,ﾀ,田野町,7,4,4
,ﾂ,津野町（旧東津野村）,6,4,3
,,津野町（旧葉山村）,6,4,4
,ﾄ,東洋町,7,4,4
,,土佐市,7,5,4
,,土佐清水市,7,5,3
,,土佐町,5,4,3
,ﾅ,中土佐町（旧中土佐町）,7,4,3
,,中土佐町（旧大野見村）,7,4,4
,,奈半利町,7,4,2
,,南国市,7,5,4
,ﾆ,仁淀川町,5,4,3
,ﾋ,日高村,6,4,4
,ﾐ,三原村,6,4,4
,ﾑ,室戸市,7,5,4
,ﾓ,本山町,5,4,3
,ﾔ,安田町,7,5,4
,ﾕ,梼原町,4,4,4
40.福岡県,ｱ,赤村,6,4,2
,,朝倉市,6,4,3
,,芦屋町,7,4,1
,ｲ,飯塚市,6,4,2
,,糸島市,6,4,2
,,糸田町,6,4,2
,ｳ,うきは市,6,4,3
,,宇美町,6,4,2
,ｵ,大川市,6,4,3
,,大木町,6,4,3
,,大任町,6,4,2
,,大野城市,6,4,2
,,大牟田市,6,5,3
,,岡垣町,6,4,2
,,小郡市,6,4,3
,,遠賀町,6,4,2
,ｶ,春日市,6,4,2
,,粕屋町,7,4,2
,,嘉麻市,6,4,2
,,川崎町,6,4,2
,,香春町,6,4,2
,,苅田町,6,4,2
,ｷ,北九州市,6,4,2
,ｸ,鞍手町,6,4,2
,,久留米市,6,4,3
,ｹ,桂川町,6,4,2
,ｺ,上毛町,6,4,3
,,古賀市,6,4,2
,,小竹町,6,4,2
,ｻ,篠栗町,6,4,2
,ｼ,志免町,7,4,2
,,新宮町,7,4,1
,ｽ,須恵町,6,4,2
,ｿ,添田町,6,4,2
,ﾀ,田川市,6,4,2
,,太宰府市,6,3,2
,,大刀洗町,6,4,3
,ﾁ,筑後市,6,4,3
,,筑紫野市,6,3,2
,,築上町（旧椎田町）,6,4,2
,,築上町（旧築城町）,6,4,3
,,筑前町,6,4,3
,ﾄ,東峰村,5,4,3
,ﾅ,那珂川市,6,4,2
,,中間市,6,4,2
,ﾉ,直方市,6,4,2
,ﾋ,久山町,6,4,2
,,広川町,6,4,3
,ﾌ,"福岡市（旧福岡市
（東区,西区,早良区））",7,4,1
,,"福岡市（旧福岡市 
（博多区,中央区,南区,城南区））",7,4,3
,,福智町,6,4,2
,,福津市,6,4,2
,,豊前市,6,4,3
,ﾐ,水巻町,6,4,2
,,みやこ町,6,4,2
,,みやま市,6,4,3
,,宮若市,6,4,2
,ﾑ,宗像市,6,4,2
,ﾔ,柳川市,6,4,3
,,八女市,6,4,3
,ﾕ,行橋市,6,4,3
,ﾖ,吉富町,6,4,3
41.佐賀県,ｱ,有田町,6,4,2
,ｲ,伊万里市,6,4,2
,ｳ,嬉野市,6,4,3
,ｵ,大町町,6,4,2
,,小城市,6,4,2
,ｶ,鹿島市,6,4,3
,,上峰町,6,4,3
,,唐津市,6,4,2
,,神埼市（旧神埼町、旧千代田町）,6,4,3
,,神埼市（旧脊振村）,6,4,2
,ｷ,基山町,6,4,3
,ｹ,玄海町,6,4,2
,ｺ,江北町,6,4,2
,ｻ,佐賀市（旧佐賀市、旧諸富町、旧東与賀町、旧久保田町、旧大和町、旧富士町）,6,4,3
,,佐賀市（旧川副町、旧三瀬村）,6,4,2
,ｼ,白石町（旧白石町、旧有明町）,6,4,3
,,白石町（旧福富町）,6,4,2
,ﾀ,多久市,6,4,2
,,武雄市,6,4,2
,,太良町,6,4,3
,ﾄ,鳥栖市,6,4,3
,ﾐ,みやき町,6,4,3
,ﾖ,吉野ヶ里町,6,4,3
42.長崎県,ｲ,壱岐市,7,4,2
,,諫早市（旧諫早市）,7,4,3
,,諫早市（旧多良見町、旧飯盛町）,7,4,2
,,諫早市（旧森山町、旧高来町、旧小長井町）,7,4,4
,ｳ,雲仙市（旧国見町、旧瑞穂町、旧吾妻町、旧愛野町、旧千々石町）,7,4,4
,,雲仙市（旧小浜町）,6,4,2
,,雲仙市（旧南串山町）,7,4,3
,ｵ,大村市,7,4,2
,,小値賀町,7,4,1
,ｶ,川棚町,6,4,2
,ｺ,五島市,7,4,1
,ｻ,西海市（旧西彼町、旧大島町）,7,4,2
,,西海市（旧西海町、旧崎戸町、旧大瀬戸町）,7,4,3
,,佐々町,6,4,3
,,佐世保市（旧佐世保市、旧宇久町、旧江迎町、旧吉井町）,6,4,3
,,佐世保市（旧鹿町町、旧小佐々町）,6,4,2
,,佐世保市（旧世知原町）,6,4,4
,ｼ,島原市（旧島原市）,7,4,4
,,島原市（旧有明町）,7,4,3
,,新上五島町（旧若松町、旧有川町）,7,3,1
,,新上五島町（旧上五島町、旧新魚目町）,7,3,2
,,新上五島町（旧奈良尾町）,7,3,3
,ﾂ,対馬市,6,4,3
,ﾄ,時津町,7,4,3
,ﾅ,長崎市（旧長崎市、旧高島町、旧野母崎町、旧三和町）,7,4,3
,,長崎市（旧香焼町）,7,4,4
,,長崎市（旧伊王島町、旧琴海町、旧外海町）,7,4,2
,,長与町,7,4,3
,ﾊ,波佐見町,6,4,2
,ﾋ,東彼杵町,6,4,3
,,平戸市（旧平戸市）,7,4,2
,,平戸市（旧大島村）,7,4,4
,,平戸市（旧生月町）,7,4,1
,,平戸市（旧田平町）,7,4,3
,ﾏ,松浦市,6,4,2
,ﾐ,南島原市（旧加津佐町）,7,4,3
,,南島原市（旧口之津町、旧南有馬町、旧北有馬町、旧西有家町、旧有家町、旧布津町、旧深江町）,7,4,4
43.熊本県,ｱ,あさぎり町,6,4,3
,,芦北町,7,4,4
,,阿蘇市,5,4,3
,,天草市（旧本渡市、旧御所浦町）,7,4,3
,,天草市（旧牛深市、旧有明町、旧新和町、旧五和町、旧天草町、旧河浦町）,7,4,2
,,天草市（旧倉岳町、旧栖本町）,7,4,4
,,荒尾市,6,5,3
,ｲ,五木村,5,4,4
,ｳ,宇城市（旧三角町）,7,4,3
,,宇城市（旧不知火町、旧松橋町、旧小川町、旧豊野町）,7,4,2
,,宇土市,7,4,2
,,産山村,5,4,4
,ｵ,大津町,6,4,4
,,小国町,5,3,3
,ｶ,嘉島町,7,4,2
,,上天草市（旧大矢野町、旧松島町、旧龍ケ岳町）,7,4,2
,,上天草市（旧姫戸町）,7,4,4
,ｷ,菊池市（旧菊池市、旧旭志村）,6,4,4
,,菊池市（旧七城町、旧泗水町）,6,4,3
,,菊陽町,6,4,3
,,玉東町,6,4,3
,ｸ,球磨村,6,4,3
,,熊本市,7,4,2
,ｺ,甲佐町,6,4,3
,,合志市,6,4,3
,ｻ,相良村,6,4,3
,ﾀ,高森町,5,4,4
,,玉名市,6,4,3
,,多良木町,6,4,3
,ﾂ,津奈木町,7,4,4
,ﾅ,長洲町,7,4,2
,,和水町,6,4,3
,,南関町,6,4,3
,ﾆ,錦町,6,4,3
,,西原村,6,4,4
,ﾋ,氷川町,7,4,2
,,人吉市,6,4,3
,ﾏ,益城町,6,4,3
,ﾐ,美里町,6,4,3
,,水上村,5,4,4
,,水俣市,7,4,4
,,南阿蘇村,5,4,3
,,南小国町,5,3,3
,,御船町,6,4,3
,ﾔ,八代市（旧八代市、旧千丁町、旧鏡町）,7,4,3
,,八代市（旧坂本村、旧東陽村）,6,4,3
,,八代市（旧泉村）,5,4,3
,,山江村,6,4,3
,,山鹿市（旧山鹿市、旧鹿北町、旧鹿本町、旧鹿央町）,6,4,3
,,山鹿市（旧菊鹿町）,6,4,4
,,山都町（旧蘇陽町、旧清和村）,5,4,4
,,山都町（旧矢部町）,5,4,3
,ﾕ,湯前町,6,4,4
,ﾚ,苓北町,7,4,2
44.大分県,ｳ,宇佐市,6,4,3
,,臼杵市,6,4,3
,ｵ,大分市（旧大分市、旧佐賀関町）,7,4,3
,,大分市（旧野津原町）,6,4,3
,ｷ,杵築市（旧杵築市、旧大田村）,6,4,3
,,杵築市（旧山香町）,6,4,2
,ｸ,玖珠町,5,4,3
,,国東市,6,4,3
,ｺ,九重町,5,4,3
,ｻ,佐伯市（旧佐伯市）,7,4,4
,,佐伯市（旧上浦町、旧弥生町、旧米水津村）,7,4,2
,,佐伯市（旧本匠村、旧直川村、旧鶴見町、旧蒲江町）,7,4,3
,,佐伯市（旧宇目町）,5,4,2
,ﾀ,竹田市,6,4,3
,ﾂ,津久見市,6,4,3
,ﾅ,中津市,6,4,3
,ﾋ,日出町,6,4,2
,,日田市（旧日田市）,6,4,3
,,日田市（旧前津江村、旧中津江村、旧上津江村、旧大山町、旧天瀬町）,6,4,2
,,姫島村,6,4,3
,ﾌ,豊後大野市（旧三重町、旧清川村、旧大野町、旧千歳村、旧犬飼町）,6,4,4
,,豊後大野市（旧緒方町、旧朝地町）,6,4,3
,,豊後高田市,6,4,3
,ﾍ,別府市,6,4,4
,ﾕ,由布市（旧挾間町）,6,4,4
,,由布市（旧庄内町）,6,4,3
,,由布市（旧湯布院町）,5,4,3
45.宮崎県,ｱ,綾町,7,4,4
,ｴ,えびの市,6,4,3
,ｶ,門川町,7,5,4
,,川南町,7,4,4
,ｷ,木城町,7,4,4
,ｸ,串間市,7,4,3
,,国富町,7,4,4
,ｺ,五ヶ瀬町,5,4,4
,,小林市（旧小林市、旧須木村）,6,4,3
,,小林市（旧野尻町）,6,4,4
,ｻ,西都市,7,4,4
,ｼ,椎葉村,5,4,3
,,新富町,7,4,3
,ﾀ,高千穂町,6,4,3
,,高鍋町,7,5,4
,,高原町,6,4,4
,ﾂ,都農町,7,4,4
,ﾆ,西米良村,6,4,4
,,日南市（旧日南市、旧北郷町）,7,4,3
,,日南市（旧南郷町）,7,4,2
,ﾉ,延岡市,7,4,4
,ﾋ,日之影町,6,4,4
,,日向市,7,5,4
,ﾐ,美郷町,6,4,4
,,三股町,7,4,4
,,都城市（旧都城市、旧山田町、旧高崎町）,7,4,3
,,都城市（旧山之口町、旧高城町）,7,4,4
,,宮崎市（旧宮崎市、旧清武町、旧田野町、旧佐土原町）,7,4,3
,,宮崎市（旧高岡町）,7,4,4
,ﾓ,諸塚村,6,4,4
46.鹿児島県,ｱ,姶良市,7,4,4
,,阿久根市,7,4,2
,,天城町,8,5,定義なし
,,奄美市,8,3,定義なし
,ｲ,伊佐市,6,4,3
,,出水市（旧出水市）,7,4,3
,,出水市（旧野田町、旧高尾野町）,7,4,2
,,伊仙町,8,5,定義なし
,,いちき串木野市,7,4,2
,,指宿市,7,4,2
,ｳ,宇検村,8,4,定義なし
,ｵ,大崎町,7,4,4
,ｶ,鹿児島市（旧鹿児島市、旧桜島町、旧喜入町、旧松元町、旧郡山町）,7,4,2
,,鹿児島市（旧吉田町）,7,4,3
,,鹿屋市（旧鹿屋市、旧輝北町、旧串良町）,7,4,4
,,鹿屋市（旧吾平町）,7,4,3
,ｷ,喜界町,8,2,定義なし
,,肝付町,7,4,2
,,霧島市（旧国分市、旧溝辺町、旧隼人町、旧福山町）,7,4,4
,,霧島市（旧横川町、旧牧園町、旧霧島町）,7,4,3
,,錦江町,7,4,3
,ｻ,薩摩川内市（旧川内市、旧里村、旧上甑村、旧下甑村、旧鹿島村）,7,4,2
,,薩摩川内市（旧樋脇町、旧入来町、旧東郷町）,7,4,3
,,薩摩川内市（旧祁答院町）,7,4,4
,,さつま町,7,4,2
,ｼ,志布志市,7,4,4
,ｾ,瀬戸内町,8,4,定義なし
,ｿ,曽於市,7,4,3
,ﾀ,龍郷町,8,3,定義なし
,,垂水市,7,4,3
,ﾁ,知名町,8,5,定義なし
,ﾄ,徳之島町,8,5,定義なし
,,十島村,7,4,1
,ﾅ,長島町,7,4,2
,,中種子町,7,4,1
,ﾆ,西之表市,7,4,1
,ﾋ,日置市,7,4,2
,,東串良町,7,4,2
,ﾏ,枕崎市,7,4,2
,ﾐ,三島村,7,4,1
,,南大隅町（旧根占町）,7,4,3
,,南大隅町（旧佐多町）,7,4,2
,,南九州市,7,4,2
,,南さつま市,7,4,1
,,南種子町,7,3,1
,ﾔ,屋久島町,7,3,1
,,大和村,8,4,定義なし
,ﾕ,湧水町,6,4,3
,ﾖ,与論町,8,5,定義なし
,ﾜ,和泊町,8,5,定義なし
47.沖縄県,ｱ,粟国村,8,5,定義なし
,ｲ,伊江村,8,5,定義なし
,,石垣市,8,5,定義なし
,,伊是名村,8,5,定義なし
,,糸満市,8,4,定義なし
,,伊平屋村,8,5,定義なし
,ｳ,浦添市,8,5,定義なし
,,うるま市（旧石川市、旧具志川市）,8,5,定義なし
,,うるま市（旧与那城町、旧勝連町）,8,4,定義なし
,ｵ,大宜味村,8,4,定義なし
,,沖縄市,8,5,定義なし
,,恩納村,8,5,定義なし
,ｶ,嘉手納町,8,5,定義なし
,ｷ,北大東村,8,5,定義なし
,,北中城村,8,5,定義なし
,,宜野座村,8,5,定義なし
,,宜野湾市,8,5,定義なし
,,金武町,8,5,定義なし
,ｸ,国頭村,8,4,定義なし
,,久米島町,8,5,定義なし
,ｻ,座間味村,8,4,定義なし
,ﾀ,竹富町,8,5,定義なし
,,多良間村,8,5,定義なし
,ﾁ,北谷町,8,5,定義なし
,ﾄ,渡嘉敷村,8,4,定義なし
,,渡名喜村,8,5,定義なし
,,豊見城市,8,5,定義なし
,ﾅ,中城村,8,5,定義なし
,,今帰仁村,8,5,定義なし
,,名護市,8,5,定義なし
,,那覇市,8,5,定義なし
,,南城市,8,4,定義なし
,ﾆ,西原町,8,5,定義なし
,ﾊ,南風原町,8,5,定義なし
,ﾋ,東村,8,4,定義なし
,ﾐ,南大東村,8,5,定義なし
,,宮古島市,8,5,定義なし
,ﾓ,本部町,8,5,定義なし
,ﾔ,八重瀬町（旧東風平町）,8,5,定義なし
,,八重瀬町（旧具志頭村）,8,4,定義なし
,ﾖ,与那国町,8,4,定義なし
,,与那原町,8,5,定義なし
,,読谷村,8,5,定義なし
